GROUP,PACKAGE,CLASS,INSTRUCTION_MISSED,INSTRUCTION_COVERED,BRANCH_MISSED,BRANCH_COVERED,LINE_MISSED,LINE_COVERED,COMPLEXITY_MISSED,COMPLEXITY_COVERED,METHOD_MISSED,METHOD_COVERED
hw3,edu.cmu.cs214.hw3.utils,Direction,0,87,0,0,0,9,0,3,0,3
hw3,edu.cmu.cs214.hw3.utils,Action,0,57,0,0,0,18,0,7,0,7
hw3,edu.cmu.cs214.hw3.utils,Phase,0,21,0,0,0,2,0,1,0,1
hw3,edu.cmu.cs214.hw3.utils,MockGameLoader,0,217,3,17,0,39,3,13,0,6
hw3,edu.cmu.cs214.hw3.utils,WorkerType,0,21,0,0,0,2,0,1,0,1
hw3,edu.cmu.cs214.hw3,Santorini,90,0,8,0,19,0,7,0,3,0
hw3,edu.cmu.cs214.hw3.models,Cell,30,71,11,7,4,20,8,12,1,10
hw3,edu.cmu.cs214.hw3.models,Board,0,103,1,15,0,17,1,10,0,3
hw3,edu.cmu.cs214.hw3.models,Game,298,60,38,6,69,15,31,7,11,5
hw3,edu.cmu.cs214.hw3.models,Player,23,77,5,7,6,21,4,10,1,7
hw3,edu.cmu.cs214.hw3.models,Worker,5,70,1,7,2,23,2,10,1,7
